ID ANSSI;Titre ANSSI;Type;Date;CVE;CVSS;Base Severity;CWE;EPSS;Lien;Description;Éditeur;Produit;Versions affectées
CERTFR-2026-AVI-0699;Vulnérabilité dans Cisco Catalyst SD-WAN (05 juin 2026);Avis;2026-06-05;CVE-2026-20245;7.8;High;CWE-116;0.009520000;https://www.cert.ssi.gouv.fr/avis/CERTFR-2026-AVI-0699/;"A vulnerability in the CLI of Cisco Catalyst SD-WAN Controller, formerly SD-WAN vSmart, Cisco Catalyst SD-WAN Manager, formerly SD-WAN vManage, and Cisco Catalyst SD-WAN Validator, formerly SD-WAN vBond, could allow an authenticated, local attacker to execute arbitrary commands as root by supplying a crafted file to the affected system.  This vulnerability is due to insufficient validation of user-supplied input. An attacker could exploit this vulnerability by uploading a crafted file to the affected system. A successful exploit could allow the attacker to perform command injection attacks on an affected system and elevate their privileges as the root user.&nbsp; To exploit this vulnerability, the attacker must have netadmin privileges on the affected system. This would require valid credentials or exploitation of  or . Cisco is not aware of successful exploitation by other methods. Cisco has observed limited cases where the exploitation of this bug resulted in a configuration change pushed to edge devices. Cisco recommends that customers upgrade to the fixed software that is documented in the  that was published on May 14, 2026, and verify the configuration of the edge devices.";Cisco;Cisco Catalyst SD-WAN Controller;20.6.4, 20.9.2, 20.3.6, 20.7.2, 20.7.1, 20.5.1, 20.6.2, 19.3.0, 20.6.1, 17.2.4, 18.2.0, 18.4.6, 19.1.0, 19.2.4, 19.2.929, 18.3.8, 18.4.303, 18.3.7, 18.4.1, 19.2.097, 19.2.0, 19.2.099, 18.3.6, 20.4.2, 19.0.0, 20.9.1, 20.3.5, 20.3.1, 18.3.5, 20.6.3, 18.4.3, 18.4.4, 18.3.3, 17.2.8, 20.8.1, 19.2.32, 19.2.2, 17.2.5, 18.4.0, 20.4.1.1, 20.1.3, 20.1.2, 17.2.10, 19.2.098, 20.1.1, 17.2.6, 19.2.1, 18.3.4, 20.4.1, 17.2.9, 19.2.31, 19.0.1a, 18.3.0, 17.2.7, 18.4.5, 20.3.4, 20.3.3, 20.4.1.2, 20.3.2, 18.3.1, 20.1.12, 19.2.3, 20.10.1, 20.6.5, 20.3.7, 20.9.3, 20.11.1, 20.6.3.2, 20.4.2.3, 20.3.5.1, 20.3.4.3, 20.9.3.1, 20.6.4.1, 20.3.3.2, 20.6.5.2, 20.3.7.1, 20.11.1.1, 20.10.1.1, 20.6.1.2, 20.1.3.1, 20.9.2.2, 20.6.5.3, 20.6.3.3, 20.3.7.2, 20.6.5.4, 20.9.2.3, 20.9.4, 20.12.1, 20.3.8, 20.6.6, 20.12.2, 20.13.1, 20.9.5, 20.12.3, 20.6.7, 20.9.5.1, 20.14.1, 20.12.3.1, 20.12.4, 20.15.1, 20.9.6, 20.6.8, 20.16.1, 20.9.5.3, 20.12.4.1, 20.15.2, 20.12.5, 20.9.7, 20.15.3, 20.12.5.1, 20.12.5.2, 20.15.4, 20.9.7.1, 20.18.1, 20.12.6, 20.9.8, 20.15.4.1, 20.18.2, 26.1.1, 20.15.4.2, 20.18.2.1, 20.12.5.3, 20.12.6.1, 20.9.8.2, 20.15.5, 20.18.3, 20.12.7, 20.9.9, 20.18.2.2, 20.12.5.4, 20.12.7.1, 20.15.5.1, 20.15.4.3, 20.12.6.2, 20.15.5.2, 20.15.4.4, 26.1.1.1, 20.9.9.1, 20.18.3.1, 26.1.1.2, 20.15.4.5, 20.15.5.3
CERTFR-2026-AVI-0715;Multiples vulnérabilités dans les produits SAP (09 juin 2026);Avis;2026-06-09;CVE-2026-44755;4.3;Medium;CWE-346;0.001090000;https://www.cert.ssi.gouv.fr/avis/CERTFR-2026-AVI-0715/;SAP Business Objects Business Intelligence Platform does not sufficiently validate email sending parameters supplied by authenticated users, resulting in an email spoofing vulnerability.This vulnerability has a low impact on integrity and does not affect the confidentiality and availability of the application.;SAP_SE;SAP Business Objects Business Intelligence Platform;ENTERPRISE 430, 2025, 2027
CERTFR-2026-AVI-0715;Multiples vulnérabilités dans les produits SAP (09 juin 2026);Avis;2026-06-09;CVE-2026-44754;6.6;Medium;CWE-862;0.002190000;https://www.cert.ssi.gouv.fr/avis/CERTFR-2026-AVI-0715/;The Remote Function Call (RFC) modules of the Operational Data Provisioning Data Replication API (ODP-RFC) are missing caller identification of permitted SAP-internal applications and are being used by customer or third-party applications in ways that are not aligned with its intended usage. Which could lead to unintended disclosure of data, but does not affect integrity, and poses minimal availability concerns for the application.;SAP_SE;ODP Data Replication APIs;DW4CORE 200, 300, 400, PI_BASIS 2006_1_700, 701, 702, 731, 740, SAP_BW 750, 816
CERTFR-2026-AVI-0715;Multiples vulnérabilités dans les produits SAP (09 juin 2026);Avis;2026-06-09;CVE-2026-40128;9;Critical;CWE-35;0.004430000;https://www.cert.ssi.gouv.fr/avis/CERTFR-2026-AVI-0715/;SAP NetWeaver Application Server Java (Web Container) allows an unauthenticated attacker to craft a malicious HTTP logon request that manipulates file inclusion parameters, enabling path traversal and processing of the included file. Processing the included file could allow the attacker to view or modify sensitive information or render any part of the local system unavailable.;SAP_SE;SAP NetWeaver Application Server Java (Web Container);ENGINEAPI 7.50
CERTFR-2026-AVI-0715;Multiples vulnérabilités dans les produits SAP (09 juin 2026);Avis;2026-06-09;CVE-2026-44748;9.9;Critical;CWE-347;0.002250000;https://www.cert.ssi.gouv.fr/avis/CERTFR-2026-AVI-0715/;SAP NetWeaver Application Server ABAP and ABAP Platform allows an authenticated attacker with normal privileges to obtain a valid signed message and send modified signed XML documents to the verifier. This may result in acceptance of tampered identity information leading to unauthorized access to sensitive user data and potential disruption of normal system usage. This causes a high impact on confidentiality, integrity and availability of the application.;SAP_SE;SAP NetWeaver AS ABAP and ABAP Platform;SAP_BASIS 702, SAP_BASIS 731, SAP_BASIS 740, SAP_BASIS 750, SAP_BASIS 751, SAP_BASIS 752, SAP_BASIS 753, SAP_BASIS 754, SAP_BASIS 755, SAP_BASIS 756, SAP_BASIS 757, SAP_BASIS 758, SAP_BASIS 816, SAP_BASIS 918, SAP_BASIS 919
CERTFR-2026-AVI-0715;Multiples vulnérabilités dans les produits SAP (09 juin 2026);Avis;2026-06-09;CVE-2026-44746;6.1;Medium;CWE-79;0.001990000;https://www.cert.ssi.gouv.fr/avis/CERTFR-2026-AVI-0715/;Due to a reflected cross-site scripting (XSS) vulnerability in SAP NetWeaver JAVA (JDBC Test Servlet), an unauthenticated attacker could craft a URL that embeds a malicious script. If a victim clicks this link, the injected input is processed during web page generation, resulting in the execution of malicious content in the victim's browser. This could allow the attacker to access and/or modify information related to the webclient, impacting the confidentiality and integrity of the application, with no impact to availability.;SAP_SE;SAP NetWeaver AS Java (JDBC Test Servlet);BI_UDI 7.50
CERTFR-2026-AVI-0717;Multiples vulnérabilités dans OpenSSL (10 juin 2026);Avis;2026-06-10;CVE-2026-35188;5;Medium;CWE-415;0.002210000;https://www.cert.ssi.gouv.fr/avis/CERTFR-2026-AVI-0717/;Issue summary: A malicious server can exploit TLS OCSP stapling by delivering a crafted response through the status_request extension, triggering a double-free in the client's certificate verification path.  Impact summary: Successful exploitation allows an attacker to corrupt heap memory via a double-free, potentially leading to a Denial of Service or possibly an attacker controlled code execution or other undefined behavior.  If OCSP stapling is enabled and the TLS client connects to a malicious server, a crafted OCSP stapled response can trigger a double free in the TLS client when the stapled response is checked.  The OCSP stapling is not enabled by default. Reliable code execution through a double-free is technically complex and highly environment-dependent but the Denial of Service impact is straightforward to achieve, warranting Moderate severity.  No FIPS modules are affected by this issue as the affected code is outside the OpenSSL FIPS module boundary.;OpenSSL;OpenSSL;4.0.0, 3.6.0
CERTFR-2026-AVI-0717;Multiples vulnérabilités dans OpenSSL (10 juin 2026);Avis;2026-06-10;CVE-2026-34182;9.1;Critical;CWE-354;0.002190000;https://www.cert.ssi.gouv.fr/avis/CERTFR-2026-AVI-0717/;Issue Summary: Cryptographic Message Services (CMS) processing fails to perform sufficient input validation on the cipher and tag length fields of AuthEnvelopedData containers, leading to various potential compromises.  Impact Summary: Attackers making use of these vulnerabilities may achieve key-equivalent functionality for a given CMS recipient and/or bypass integrity validation for a given message.  In one use case, an attacker may send a CMS message containing AuthEnvelopedData with the cipher specified as a non-AEAD cipher.  OpenSSL erroneously allows this selection, and attempts to decrypt and validate the message.  An on-path attacker who captures one legitimate AES-GCM AuthEnvelopedData addressed to the victim can re-emit it with the recipientInfos set left byte-for-byte intact, so the victim's private key still unwraps the genuine CEK (the content-encryption key), but with the inner OID rewritten to AES-256-OFB (Output Feedback Mode, an unauthenticated keystream mode) and with an attacker-chosen IV and ciphertext. The victim initializes AES-256-OFB under the real CEK, never consults the MAC field, and CMS_decrypt() returns success.  If the application under attack responds to the attacker with any indicator showing success or failure of the decryption effort, it is possible for the attacker to use this as an oracle to obtain key equivalent functionality for the CEK used for the chosen recipient of the message.  In another use case, an attacker can reduce the tag length of the chosen AEAD cipher for a given AuthEnvelopedData container to be a single byte long, allowing an attacker to brute force CMS decryption, producing an integrity bypass for applications that trust CMS_decrypt() to reject modified content.  The FIPS modules are not affected by this issue.;OpenSSL;OpenSSL;4.0.0, 3.6.0, 3.5.0, 3.4.0, 3.0.0
CERTFR-2026-AVI-0717;Multiples vulnérabilités dans OpenSSL (10 juin 2026);Avis;2026-06-10;CVE-2026-45445;7.5;High;CWE-325;0.003270000;https://www.cert.ssi.gouv.fr/avis/CERTFR-2026-AVI-0717/;"Issue summary: When an application drives an AES-OCB context through the public EVP_Cipher() one-shot interface, the application-supplied initialisation vector (IV) is silently discarded.  Impact summary: Every message encrypted under the same key uses the same effective nonce regardless of the IV supplied by the caller, resulting in (key, nonce) reuse and loss of confidentiality.  If the same code path is used to compute the authentication tag, the tag depends only on the (key, IV) pair and not on the plaintext or ciphertext, allowing universal forgery of arbitrary ciphertext from a single captured message.  OpenSSL provides two ways to drive a cipher: the documented streaming interface (EVP_CipherUpdate / EVP_CipherFinal_ex) and a lower-level one-shot, EVP_Cipher(), whose documentation explicitly recommends against use by applications in favour of EVP_CipherUpdate() and EVP_CipherFinal_ex().  The OCB provider's streaming handler flushes the application-supplied IV into the OCB context before processing data; the one-shot handler did not.  Every call to EVP_Cipher() on an AES-OCB context therefore ran with the all-zero key-derived offset state left by cipher initialisation, regardless of the caller's IV.  If EVP_EncryptFinal_ex() is subsequently used to obtain the authentication tag, the deferred IV setup runs at that point and clears the running checksum that should have been accumulated over the plaintext.  The resulting tag is a function of (key, IV) only and verifies against any ciphertext produced under the same (key, IV) pair.  The OpenSSL SSL/TLS implementation is not affected: AES-OCB is not a TLS cipher suite, and libssl does not call EVP_Cipher() in any case. Applications that drive AES-OCB through the documented streaming AEAD API (EVP_CipherUpdate / EVP_CipherFinal_ex) are not affected.  Only applications that combine the AES-OCB cipher with the EVP_Cipher() one-shot API are vulnerable.  The FIPS modules in 4.0, 3.6, 3.5, 3.4 and 3.0 are not affected by this issue, as AES-OCB is outside the OpenSSL FIPS module boundary.";OpenSSL;OpenSSL;4.0.0, 3.6.0, 3.5.0, 3.4.0, 3.0.0
CERTFR-2026-AVI-0717;Multiples vulnérabilités dans OpenSSL (10 juin 2026);Avis;2026-06-10;CVE-2026-42765;7.5;High;CWE-476;0.004080000;https://www.cert.ssi.gouv.fr/avis/CERTFR-2026-AVI-0717/;Issue summary: When a partial-chain certificate verification is enabled together with OCSP response checking for the whole chain, a NULL dereference will happen if the verified chain does not have a self-signed trusted anchor, crashing the process.  Impact summary: A NULL pointer dereference can trigger a crash which leads to a Denial of Service for an application.  When performing OCSP response checking for certificates in the verification chain, the code always tries to access the next certificate as the issuer. There is a check for a self-signed certificate. However with the partial chain verification enabled when the chain does not have a self-signed trusted anchor, the issuer will be NULL for the last certificate in the chain. A NULL pointer dereference then happens.  This issue affects only applications which enable both OCSP verification of the certificate chain (X509_V_FLAG_OCSP_RESP_CHECK_ALL) and partial chain verification (X509_V_FLAG_PARTIAL_CHAIN) in the certificate verification. Both flags are disabled by default. For that reason, we have assigned Low severity to the issue.  No FIPS modules are affected by this issue as the affected code is outside the OpenSSL FIPS module boundary.;OpenSSL;OpenSSL;4.0.0, 3.6.0
CERTFR-2026-AVI-0717;Multiples vulnérabilités dans OpenSSL (10 juin 2026);Avis;2026-06-10;CVE-2026-34180;7.5;High;CWE-125;0.005050000;https://www.cert.ssi.gouv.fr/avis/CERTFR-2026-AVI-0717/;"Issue summary: Parsing a crafted DER-encoded ASN.1 structure with a primitive element whose content exceeds 2 gigabytes in length may cause a heap buffer over-read on 64-bit Unix and Unix-like platforms.  Impact summary: The heap buffer over-read may crash the application (Denial of Service) or to load into the decoded ASN.1 object contents of memory beyond the end of the input buffer.  More typically such ASN.1 elements would instead be truncated.  An integer truncation in OpenSSL's ASN.1 decoder causes the content length of an ASN.1 primitive element to be mishandled when it exceeds 2 gigabytes. In the worst case the truncated length is treated as a request to scan the binary content for a terminating zero byte, possibly causing OpenSSL to read either less than or beyond the end of the allocated buffer.  Applications that pass attacker-supplied data to d2i_X509(), d2i_PKCS7(), or any other d2i_* decoding function are affected. OpenSSL's own command-line tools are not vulnerable, as data read through the BIO layer is checked before it reaches the affected code. The issue only affects 64-bit Unix and Unix-like platforms; 32-bit platforms and 64-bit Windows are not affected.  The FIPS modules in 4.0, 3.6, 3.5, 3.4 and 3.0 are not affected by this issue, as the affected code is outside the OpenSSL FIPS module boundary.";OpenSSL;OpenSSL;4.0.0, 3.6.0, 3.5.0, 3.4.0, 3.0.0, 1.1.1, 1.0.2
CERTFR-2026-AVI-0718;Vulnérabilité dans PostgreSQL (10 juin 2026);Avis;2026-06-10;CVE-2026-9617;6.8;Medium;CWE-89;0.002370000;https://www.cert.ssi.gouv.fr/avis/CERTFR-2026-AVI-0718/;PostgreSQL Anonymizer contains a vulnerability that allows a user to gain superuser privileges by creating a table and placing malicious code inside a column identifier. If a superuser calls the k-anonymity function, the malicious code is executed with superuser privileges. The risk is higher with PostgreSQL 14 or with instances upgraded from PostgreSQL 14 or a prior version. With PostgreSQL 15 and later, the creation permission on the public schema is revoked by default and this exploit can only be achieved by a user who was explicitly granted the CREATE TABLE privilege. The problem is resolved in PostgreSQL Anonymizer 3.1.0 and further versions;DALIBO;PostgreSQL Anonymizer;1
CERTFR-2026-AVI-0719;Multiples vulnérabilités dans les produits Spring (10 juin 2026);Avis;2026-06-10;CVE-2026-40993;7.3;High;CWE-502;0.000930000;https://www.cert.ssi.gouv.fr/avis/CERTFR-2026-AVI-0719/;An attacker with write permissions to the database table managed by JdbcAssertingPartyMetadataRepository (saml2_asserting_party_metadata) may be able to store malicious serialized payloads in the columns containing the collection of verification or encryption credentials (verification_credentials and encryption_credentials, respectively).  Affected versions: Spring Security 7.0.0 through 7.0.5.;Spring;Spring Security;7.0.0
CERTFR-2026-AVI-0719;Multiples vulnérabilités dans les produits Spring (10 juin 2026);Avis;2026-06-10;CVE-2026-40988;7.5;High;CWE-400;0.003240000;https://www.cert.ssi.gouv.fr/avis/CERTFR-2026-AVI-0719/;"An application using spring-security-saml2-service-provider and the REDIRECT binding for SAML 2.0 Login or Logout may be vulnerable to a denial of service by way of an unbounded writer that inflates the compressed SAML payload into memory.  Affected versions: Spring Security 5.7.0 through 5.7.23; 5.8.0 through 5.8.25; 6.3.0 through 6.3.16; 6.4.0 through 6.4.16; 6.5.0 through 6.5.10; 7.0.0 through 7.0.5.";Spring;Spring Security;5.7.0, 5.8.0, 6.3.0, 6.4.0, 6.5.0, 7.0.0
CERTFR-2026-AVI-0719;Multiples vulnérabilités dans les produits Spring (10 juin 2026);Avis;2026-06-10;CVE-2026-41008;6.1;Medium;CWE-601;0.001720000;https://www.cert.ssi.gouv.fr/avis/CERTFR-2026-AVI-0719/;Spring Security Authorization Server's authorization endpoint performs insufficient validation of the request_uri parameter. An attacker can craft a malicious authorization request containing an invalid request_uri and an arbitrary, unvalidated redirect_uri, which can lead to an Open Redirect vulnerability.  Affected versions: Spring Security 7.0.0 through 7.0.5. Spring Authorization Server 1.5.0 through 1.5.7.;Spring;Spring Security;7.0.0
CERTFR-2026-AVI-0719;Multiples vulnérabilités dans les produits Spring (10 juin 2026);Avis;2026-06-10;CVE-2026-41719;6.4;Medium;CWE-917;0.002020000;https://www.cert.ssi.gouv.fr/avis/CERTFR-2026-AVI-0719/;"A SpEL Injection vulnerability exists in the Spring Data KeyValue if unsanitized user input is passed as Sort into a repository query method that delegates evaluation to the SpelPropertyComparator.  Affected versions: Spring Data KeyValue / Spring Data Redis 4.0.0 through 4.0.5; 3.5.0 through 3.5.11; 3.4.0 through 3.4.14; 3.3.0 through 3.3.16; 3.2.0 through 3.2.15; 3.1.0 through 3.1.14; 3.0.0 through 3.0.15; 2.7.0 through 2.7.19.";Spring;Spring Data KeyValue;4.0.0, 3.5.0, 3.4.0, 3.3.0, 3.2.0, 3.1.0, 3.0.0, 2.7.0
CERTFR-2026-AVI-0719;Multiples vulnérabilités dans les produits Spring (10 juin 2026);Avis;2026-06-10;CVE-2026-41003;7.6;High;CWE-79;0.001810000;https://www.cert.ssi.gouv.fr/avis/CERTFR-2026-AVI-0719/;"An attacker able to influence values in RelyingPartyRegistration may be able to run arbitrary code on HTML forms generated by Spring Security filters.  Affected versions: Spring Security 5.7.0 through 5.7.23; 5.8.0 through 5.8.25; 6.3.0 through 6.3.16; 6.4.0 through 6.4.16; 6.5.0 through 6.5.10; 7.0.0 through 7.0.5.";Spring;Spring Security;5.7.0, 5.8.0, 6.3.0, 6.4.0, 6.5.0, 7.0.0
CERTFR-2026-AVI-0720;Multiples vulnérabilités dans les produits Adobe (10 juin 2026);Avis;2026-06-10;CVE-2026-47921;7.8;High;CWE-416;0.001650000;https://www.cert.ssi.gouv.fr/avis/CERTFR-2026-AVI-0720/;Acrobat Reader versions 24.001.30365, 26.001.21651 and earlier are affected by a Use After Free vulnerability that could result in arbitrary code execution in the context of the current user. Exploitation of this issue requires user interaction in that a victim must open a malicious file.;Adobe;Acrobat Reader;0
CERTFR-2026-AVI-0720;Multiples vulnérabilités dans les produits Adobe (10 juin 2026);Avis;2026-06-10;CVE-2026-47912;7.8;High;CWE-416;0.002660000;https://www.cert.ssi.gouv.fr/avis/CERTFR-2026-AVI-0720/;Acrobat Reader versions 24.001.30365, 26.001.21651 and earlier are affected by a Use After Free vulnerability that could result in arbitrary code execution in the context of the current user. Exploitation of this issue requires user interaction in that a victim must open a malicious file.;Adobe;Acrobat Reader;0
CERTFR-2026-AVI-0720;Multiples vulnérabilités dans les produits Adobe (10 juin 2026);Avis;2026-06-10;CVE-2026-47917;7.8;High;CWE-416;0.002480000;https://www.cert.ssi.gouv.fr/avis/CERTFR-2026-AVI-0720/;Acrobat Reader versions 24.001.30365, 26.001.21651 and earlier are affected by a Use After Free vulnerability that could result in arbitrary code execution in the context of the current user. Exploitation of this issue requires user interaction in that a victim must open a malicious file.;Adobe;Acrobat Reader;0
CERTFR-2026-AVI-0720;Multiples vulnérabilités dans les produits Adobe (10 juin 2026);Avis;2026-06-10;CVE-2026-47933;4.8;Medium;CWE-79;0.001920000;https://www.cert.ssi.gouv.fr/avis/CERTFR-2026-AVI-0720/;ColdFusion versions 2023.19, 2025.8 and earlier are affected by a stored Cross-Site Scripting (XSS) vulnerability that could be abused by a low-privileged attacker to inject malicious scripts into vulnerable form fields. Malicious JavaScript may be executed in a victim's browser when they browse to the page containing the vulnerable field. Scope is changed.;Adobe;ColdFusion;0
CERTFR-2026-AVI-0720;Multiples vulnérabilités dans les produits Adobe (10 juin 2026);Avis;2026-06-10;CVE-2026-47924;5.5;Medium;CWE-416;0.002450000;https://www.cert.ssi.gouv.fr/avis/CERTFR-2026-AVI-0720/;Acrobat Reader versions 24.001.30365, 26.001.21651 and earlier are affected by a Use After Free vulnerability that could lead to disclosure of sensitive memory. An attacker could leverage this vulnerability to disclose sensitive information. Exploitation of this issue requires user interaction in that a victim must open a malicious file.;Adobe;Acrobat Reader;0
CERTFR-2026-AVI-0721;Multiples vulnérabilités dans Xen (10 juin 2026);Avis;2026-06-10;CVE-2025-10263;9.1;Critical;CWE-362;0.003900000;https://www.cert.ssi.gouv.fr/avis/CERTFR-2026-AVI-0721/;Arm C1-Ultra, C1-Premium, Neoverse V3 & V3AE, Neoverse V2, Neoverse V1, Neoverse-N2, Neoverse-N1, Cortex-X925, Cortex-X4, Cortex-X3, Cortex-X2, Cortex-X1 & X1C, Cortex-A710, Cortex-A78, A78AE & A78C, Cortex-A77, Cortex-A76 & A76A may allow writes to resources owned by a higher exception level.;Arm;C1-Ultra;0
CERTFR-2026-AVI-0722;Multiples vulnérabilités dans Typo3 (10 juin 2026);Avis;2026-06-10;CVE-2026-11607;7.6;High;CWE-862;0.004140000;https://www.cert.ssi.gouv.fr/avis/CERTFR-2026-AVI-0722/;Backend users with access to the Form Framework were able to use files not ending in .form.yaml as form definitions, which were processed without denying the incorrect file extension. Maliciously crafted form definition files can be used to execute arbitrary SQL statements, allowing attackers to escalate privileges by creating administrative backend user accounts. This issue affects TYPO3 CMS versions before 10.4.57, 11.0.0-11.5.51, 12.0.0-12.4.46, 13.0.0-13.4.31 and 14.0.0-14.3.3.;TYPO3;TYPO3 CMS;0, 11.0.0, 12.0.0, 13.0.0, 14.0.0
CERTFR-2026-AVI-0722;Multiples vulnérabilités dans Typo3 (10 juin 2026);Avis;2026-06-10;CVE-2026-49740;6.3;Medium;CWE-502;0.005880000;https://www.cert.ssi.gouv.fr/avis/CERTFR-2026-AVI-0722/;TYPO3's cache frontend (VariableFrontend) and persistent key-value store (Registry) deserialized PHP payloads without integrity validation or class restrictions. An attacker with write access to the underlying storage backend (cache store or sys_registry database table) could inject a crafted serialized payload to trigger PHP Object Injection, potentially exploiting a gadget chain to achieve Remote Code Execution or other high-impact effects. Exploiting this vulnerability requires direct local write access to the storage, such as the SQL database or file system. This issue affects TYPO3 CMS versions before 10.4.57, 11.0.0-11.5.51, 12.0.0-12.4.46, 13.0.0-13.4.31 and 14.0.0-14.3.3.;TYPO3;TYPO3 CMS;0, 11.0.0, 12.0.0, 13.0.0, 14.0.0
CERTFR-2026-AVI-0722;Multiples vulnérabilités dans Typo3 (10 juin 2026);Avis;2026-06-10;CVE-2026-47350;5.3;Medium;CWE-862;0.004140000;https://www.cert.ssi.gouv.fr/avis/CERTFR-2026-AVI-0722/;Backend users were able to move records to a different page without having edit permissions on the source page. This issue affects TYPO3 CMS versions 13.0.0-13.4.31 and 14.0.0-14.3.3.;TYPO3;TYPO3 CMS;13.0.0, 14.0.0
CERTFR-2026-AVI-0722;Multiples vulnérabilités dans Typo3 (10 juin 2026);Avis;2026-06-10;CVE-2026-47352;5.3;Medium;CWE-862;0.004140000;https://www.cert.ssi.gouv.fr/avis/CERTFR-2026-AVI-0722/;Authenticated backend users were able to retrieve file metadata via several Backend API routes without proper permission checks, allowing access to files outside their permitted file mounts or storages. This issue affects TYPO3 CMS versions before 10.4.57, 11.0.0-11.5.51, 12.0.0-12.4.46, 13.0.0-13.4.31 and 14.0.0-14.3.3.;TYPO3;TYPO3 CMS;0, 11.0.0, 12.0.0, 13.0.0, 14.0.0
CERTFR-2026-AVI-0722;Multiples vulnérabilités dans Typo3 (10 juin 2026);Avis;2026-06-10;CVE-2026-49742;7.1;High;CWE-22;0.004590000;https://www.cert.ssi.gouv.fr/avis/CERTFR-2026-AVI-0722/;Backend users with file download permissions were able to download files from the fallback storage of the file abstraction layer (FAL) via the Media Module. Since the fallback storage resolves paths relative to the server's document root, this could expose sensitive files such as log files. This issue affects TYPO3 CMS versions 11.0.0-11.5.50, 12.0.0-12.4.45, 13.0.0-13.4.30 and 14.0.0-14.3.2.;TYPO3;TYPO3 CMS;11.0.0, 12.0.0, 13.0.0, 14.0.0
CERTFR-2026-AVI-0723;Vulnérabilité dans Stormshield Network Security (10 juin 2026);Avis;2026-06-10;CVE-2026-31790;7.5;High;CWE-754;0.009810000;https://www.cert.ssi.gouv.fr/avis/CERTFR-2026-AVI-0723/;Issue summary: Applications using RSASVE key encapsulation to establish a secret encryption key can send contents of an uninitialized memory buffer to a malicious peer.  Impact summary: The uninitialized buffer might contain sensitive data from the previous execution of the application process which leads to sensitive data leakage to an attacker.  RSA_public_encrypt() returns the number of bytes written on success and -1 on error. The affected code tests only whether the return value is non-zero. As a result, if RSA encryption fails, encapsulation can still return success to the caller, set the output lengths, and leave the caller to use the contents of the ciphertext buffer as if a valid KEM ciphertext had been produced.  If applications use EVP_PKEY_encapsulate() with RSA/RSASVE on an attacker-supplied invalid RSA public key without first validating that key, then this may cause stale or uninitialized contents of the caller-provided ciphertext buffer to be disclosed to the attacker in place of the KEM ciphertext.  As a workaround calling EVP_PKEY_public_check() or EVP_PKEY_public_check_quick() before EVP_PKEY_encapsulate() will mitigate the issue.  The FIPS modules in 3.6, 3.5, 3.4, 3.3, 3.1 and 3.0 are affected by this issue.;OpenSSL;OpenSSL;3.6.0, 3.5.0, 3.4.0, 3.3.0, 3.0.0
CERTFR-2026-AVI-0724;Multiples vulnérabilités dans les produits Ivanti (10 juin 2026);Avis;2026-06-10;CVE-2026-6973;7.2;High;CWE-20;0.201880000;https://www.cert.ssi.gouv.fr/avis/CERTFR-2026-AVI-0724/;An Improper Input Validation in Ivanti EPMM before versions 12.6.1.1, 12.7.0.1, and 12.8.0.1 allows a remotely authenticated user with administrative access to achieve remote code execution.;Ivanti;Endpoint Manager Mobile;Non spécifiées
CERTFR-2026-AVI-0724;Multiples vulnérabilités dans les produits Ivanti (10 juin 2026);Avis;2026-06-10;CVE-2026-10523;9.9;Critical;CWE-288;0.048150000;https://www.cert.ssi.gouv.fr/avis/CERTFR-2026-AVI-0724/;An Authentication Bypass vulnerability (CWE-288) in Ivanti Sentry before the R10.5.2, R10.6.2 and R10.7.1 versions allows a remote unauthenticated attacker to create arbitrary administrative accounts and obtain full administrative access;ivanti;Sentry;Non spécifiées
CERTFR-2026-AVI-0724;Multiples vulnérabilités dans les produits Ivanti (10 juin 2026);Avis;2026-06-10;CVE-2026-10520;10;Critical;CWE-78;0.595240000;https://www.cert.ssi.gouv.fr/avis/CERTFR-2026-AVI-0724/;An OS Command Injection vulnerability in Ivanti Sentry before the R10.5.2, R10.6.2 and R10.7.1 versions allows a remote unauthenticated user to achieve root-level remote code execution;ivanti;Sentry;Non spécifiées
CERTFR-2026-AVI-0724;Multiples vulnérabilités dans les produits Ivanti (10 juin 2026);Avis;2026-06-10;CVE-2026-10727;7.2;High;CWE-78;0.017290000;https://www.cert.ssi.gouv.fr/avis/CERTFR-2026-AVI-0724/;An OS command injection vulnerability in Ivanti EPMM before 12.9.0.1, 12.8.0.3 and 12.7.0.2 versions allows a remote authenticated attacker to execute arbitrary commands as root;Ivanti;Endpoint Manager Mobile;Non spécifiées
CERTFR-2026-AVI-0725;Multiples vulnérabilités dans les produits Fortinet (10 juin 2026);Avis;2026-06-10;CVE-2026-25089;9.1;Critical;CWE-78;0.026600000;https://www.cert.ssi.gouv.fr/avis/CERTFR-2026-AVI-0725/;A improper neutralization of special elements used in an os command ('os command injection') vulnerability in Fortinet FortiSandbox 5.0.0 through 5.0.5, FortiSandbox 4.4.0 through 4.4.8, FortiSandbox 4.2 all versions, FortiSandbox Cloud 5.0.4 through 5.0.5, FortiSandbox PaaS 5.0.4 through 5.0.5 may allow an unauthenticated attacker to execute unauthorized commands via specifically crafted HTTP requests;Fortinet;FortiSandbox;5.0.0, 4.4.0, 4.2.1
CERTFR-2026-AVI-0725;Multiples vulnérabilités dans les produits Fortinet (10 juin 2026);Avis;2026-06-10;CVE-2025-67862;6;Medium;CWE-1244;0.001440000;https://www.cert.ssi.gouv.fr/avis/CERTFR-2026-AVI-0725/;An Internal Asset Exposed to Unsafe Debug Access Level or State vulnerability [CWE-1244] vulnerability in Fortinet FortiOS 7.6.0 through 7.6.2, FortiOS 7.4.0 through 7.4.7, FortiOS 7.2.0 through 7.2.10, FortiOS 7.0.0 through 7.0.16, FortiOS 6.4 all versions, FortiProxy 7.6.0 through 7.6.3, FortiProxy 7.4.0 through 7.4.10, FortiProxy 7.2.0 through 7.2.14, FortiProxy 7.0 all versions may allow an authenticated admin to execute lua scripts via crafted CLI commands.;Fortinet;FortiOS;7.6.0, 7.4.0, 7.2.0, 7.0.0, 6.4.0
CERTFR-2026-AVI-0725;Multiples vulnérabilités dans les produits Fortinet (10 juin 2026);Avis;2026-06-10;CVE-2026-49938;6.2;Medium;CWE-284;0.002010000;https://www.cert.ssi.gouv.fr/avis/CERTFR-2026-AVI-0725/;A improper access control vulnerability in Fortinet FortiPortal 7.4.0 through 7.4.7, FortiPortal 7.2.0 through 7.2.8, FortiPortal 7.0 all versions may allow attacker to improper access control via <insert attack vector here>;Fortinet;FortiPortal;7.4.0, 7.2.0, 7.0.0
CERTFR-2026-AVI-0726;Multiples vulnérabilités dans Microsoft Edge (10 juin 2026);Avis;2026-06-10;CVE-2026-11263;6.5;Medium;Non disponible;0.002720000;https://www.cert.ssi.gouv.fr/avis/CERTFR-2026-AVI-0726/;Insufficient policy enforcement in WebAuthentication in Google Chrome on Android prior to 149.0.7827.53 allowed a remote attacker who had compromised the renderer process to leak cross-origin data via a crafted HTML page. (Chromium security severity: Low);Google;Chrome;149.0.7827.53
CERTFR-2026-AVI-0726;Multiples vulnérabilités dans Microsoft Edge (10 juin 2026);Avis;2026-06-10;CVE-2026-11178;4.3;Medium;Non disponible;0.001520000;https://www.cert.ssi.gouv.fr/avis/CERTFR-2026-AVI-0726/;Insufficient policy enforcement in WebView in Google Chrome on Android prior to 149.0.7827.53 allowed a remote attacker to leak cross-origin data via a crafted HTML page. (Chromium security severity: Medium);Google;Chrome;149.0.7827.53
CERTFR-2026-AVI-0726;Multiples vulnérabilités dans Microsoft Edge (10 juin 2026);Avis;2026-06-10;CVE-2026-11077;8.8;High;CWE-125;0.002800000;https://www.cert.ssi.gouv.fr/avis/CERTFR-2026-AVI-0726/;Bad cast in Dawn in Google Chrome prior to 149.0.7827.53 allowed a remote attacker to execute arbitrary code inside a sandbox via a crafted HTML page. (Chromium security severity: Medium);Google;Chrome;149.0.7827.53
CERTFR-2026-AVI-0726;Multiples vulnérabilités dans Microsoft Edge (10 juin 2026);Avis;2026-06-10;CVE-2026-10959;8.8;High;CWE-416;0.003510000;https://www.cert.ssi.gouv.fr/avis/CERTFR-2026-AVI-0726/;Use after free in Input in Google Chrome on Android prior to 149.0.7827.53 allowed a remote attacker to execute arbitrary code inside a sandbox via a crafted HTML page. (Chromium security severity: High);Google;Chrome;149.0.7827.53
CERTFR-2026-AVI-0726;Multiples vulnérabilités dans Microsoft Edge (10 juin 2026);Avis;2026-06-10;CVE-2026-11215;6.5;Medium;Non disponible;0.001580000;https://www.cert.ssi.gouv.fr/avis/CERTFR-2026-AVI-0726/;Inappropriate implementation in Cronet in Google Chrome on Android prior to 149.0.7827.53 allowed a remote attacker to perform domain spoofing via a crafted domain name. (Chromium security severity: Medium);Google;Chrome;149.0.7827.53
CERTFR-2026-AVI-0727;Multiples vulnérabilités dans Microsoft Office (10 juin 2026);Avis;2026-06-10;CVE-2026-45458;8.4;High;CWE-416;0.003480000;https://www.cert.ssi.gouv.fr/avis/CERTFR-2026-AVI-0727/;Access of resource using incompatible type ('type confusion') in Microsoft Office allows an unauthorized attacker to execute code locally.;Microsoft;Microsoft 365 Apps for Enterprise;16.0.1
CERTFR-2026-AVI-0727;Multiples vulnérabilités dans Microsoft Office (10 juin 2026);Avis;2026-06-10;CVE-2026-45459;3.3;Low;CWE-693;0.003220000;https://www.cert.ssi.gouv.fr/avis/CERTFR-2026-AVI-0727/;Protection mechanism failure in Microsoft Office Excel allows an unauthorized attacker to bypass a security feature locally.;Microsoft;Microsoft 365 Apps for Enterprise;16.0.1
CERTFR-2026-AVI-0727;Multiples vulnérabilités dans Microsoft Office (10 juin 2026);Avis;2026-06-10;CVE-2026-44818;7;High;CWE-362;0.002290000;https://www.cert.ssi.gouv.fr/avis/CERTFR-2026-AVI-0727/;Integer underflow (wrap or wraparound) in Microsoft Office Excel allows an unauthorized attacker to execute code locally.;Microsoft;Microsoft 365 Apps for Enterprise;16.0.1
CERTFR-2026-AVI-0727;Multiples vulnérabilités dans Microsoft Office (10 juin 2026);Avis;2026-06-10;CVE-2026-45649;7.1;High;CWE-284;0.003360000;https://www.cert.ssi.gouv.fr/avis/CERTFR-2026-AVI-0727/;Improper access control in Office for Android allows an unauthorized attacker to perform spoofing locally.;Microsoft;Microsoft Excel for Android;-
CERTFR-2026-AVI-0727;Multiples vulnérabilités dans Microsoft Office (10 juin 2026);Avis;2026-06-10;CVE-2026-45474;8.4;High;CWE-416;0.003180000;https://www.cert.ssi.gouv.fr/avis/CERTFR-2026-AVI-0727/;Heap-based buffer overflow in Microsoft Office allows an unauthorized attacker to execute code locally.;Microsoft;Microsoft 365 Apps for Enterprise;16.0.1
CERTFR-2026-AVI-0728;Multiples vulnérabilités dans Microsoft Windows (10 juin 2026);Avis;2026-06-10;CVE-2026-45653;7;High;CWE-122;0.002050000;https://www.cert.ssi.gouv.fr/avis/CERTFR-2026-AVI-0728/;Use after free in Windows Kernel allows an authorized attacker to elevate privileges locally.;Microsoft;Windows 10 Version 1607;10.0.14393.0
CERTFR-2026-AVI-0728;Multiples vulnérabilités dans Microsoft Windows (10 juin 2026);Avis;2026-06-10;CVE-2026-45636;7.8;High;CWE-122;0.003230000;https://www.cert.ssi.gouv.fr/avis/CERTFR-2026-AVI-0728/;Heap-based buffer overflow in Windows NTFS allows an unauthorized attacker to execute code locally.;Microsoft;Windows 10 Version 1607;10.0.14393.0
CERTFR-2026-AVI-0728;Multiples vulnérabilités dans Microsoft Windows (10 juin 2026);Avis;2026-06-10;CVE-2026-42974;8.1;High;CWE-190;0.005240000;https://www.cert.ssi.gouv.fr/avis/CERTFR-2026-AVI-0728/;Integer underflow (wrap or wraparound) in Windows Performance Monitor allows an unauthorized attacker to execute code over a network.;Microsoft;Windows 11 version 23H2;10.0.22631.0
CERTFR-2026-AVI-0728;Multiples vulnérabilités dans Microsoft Windows (10 juin 2026);Avis;2026-06-10;CVE-2026-48576;7.9;High;CWE-1329;0.008280000;https://www.cert.ssi.gouv.fr/avis/CERTFR-2026-AVI-0728/;Protection mechanism failure in Windows Secure Boot allows an authorized attacker to bypass a security feature locally.;Microsoft;Windows 10 Version 1607;10.0.14393.0
CERTFR-2026-AVI-0728;Multiples vulnérabilités dans Microsoft Windows (10 juin 2026);Avis;2026-06-10;CVE-2026-42980;7.8;High;CWE-191;0.025160000;https://www.cert.ssi.gouv.fr/avis/CERTFR-2026-AVI-0728/;Integer underflow (wrap or wraparound) in Windows NT OS Kernel allows an authorized attacker to elevate privileges locally.;Microsoft;Windows 10 Version 1607;10.0.14393.0
CERTFR-2026-AVI-0729;Multiples vulnérabilités dans Microsoft .Net (10 juin 2026);Avis;2026-06-10;CVE-2026-45591;7.5;High;CWE-400;0.007660000;https://www.cert.ssi.gouv.fr/avis/CERTFR-2026-AVI-0729/;Uncontrolled resource consumption in ASP.NET Core allows an unauthorized attacker to deny service over a network.;Microsoft;.NET 10.0;10.0.0
CERTFR-2026-AVI-0729;Multiples vulnérabilités dans Microsoft .Net (10 juin 2026);Avis;2026-06-10;CVE-2026-45491;6.2;Medium;CWE-59;0.003010000;https://www.cert.ssi.gouv.fr/avis/CERTFR-2026-AVI-0729/;Improper link resolution before file access ('link following') in .NET allows an unauthorized attacker to perform tampering locally.;Microsoft;.NET 10.0;10.0.0
CERTFR-2026-AVI-0730;Multiples vulnérabilités dans Microsoft Azure (10 juin 2026);Avis;2026-06-10;CVE-2026-32193;8.8;High;CWE-22;0.003000000;https://www.cert.ssi.gouv.fr/avis/CERTFR-2026-AVI-0730/;Improper limitation of a pathname to a restricted directory ('path traversal') in Microsoft Azure Kubernetes Service allows an authorized attacker to execute code locally.;Microsoft;Azure Kubernetes Service;1.0
CERTFR-2026-AVI-0730;Multiples vulnérabilités dans Microsoft Azure (10 juin 2026);Avis;2026-06-10;CVE-2026-41098;8.4;High;CWE-79;0.007440000;https://www.cert.ssi.gouv.fr/avis/CERTFR-2026-AVI-0730/;Improper neutralization of input during web page generation ('cross-site scripting') in Azure Stack Edge allows an authorized attacker to perform spoofing over a network.;Microsoft;Azure Stack Edge;2.2.0
CERTFR-2026-AVI-0730;Multiples vulnérabilités dans Microsoft Azure (10 juin 2026);Avis;2026-06-10;CVE-2026-47643;9.8;Critical;CWE-73;0.005140000;https://www.cert.ssi.gouv.fr/avis/CERTFR-2026-AVI-0730/;External control of file name or path in Azure Stack Edge allows an unauthorized attacker to execute code over a network.;Microsoft;Azure Stack Edge;2.2.0
CERTFR-2026-AVI-0731;Multiples vulnérabilités dans les produits Microsoft (10 juin 2026);Avis;2026-06-10;CVE-2026-46186;Non disponible;Non disponible;Non disponible;0.001280000;https://www.cert.ssi.gouv.fr/avis/CERTFR-2026-AVI-0731/;"In the Linux kernel, the following vulnerability has been resolved:  Bluetooth: virtio_bt: validate rx pkt_type header length  virtbt_rx_handle() reads the leading pkt_type byte from the RX skb and forwards the remainder to hci_recv_frame() for every event/ACL/SCO/ISO type, without checking that the remaining payload is at least the fixed HCI header for that type.  After the preceding patch bounds the backend-supplied used.len to [1, VIRTBT_RX_BUF_SIZE], a one-byte completion still reaches hci_recv_frame() with skb->len already pulled to 0. If the byte happened to be HCI_ACLDATA_PKT, the ACL-vs-ISO classification fast-path in hci_dev_classify_pkt_type() dereferences hci_acl_hdr(skb)->handle whenever the HCI device has an active CIS_LINK, BIS_LINK, or PA_LINK connection, reading two bytes of uninitialized RX-buffer data. The same hazard exists for every packet type the driver accepts because none of the switch cases in virtbt_rx_handle() check skb->len against the per-type minimum HCI header size before handing the frame to the core.  After stripping pkt_type, require skb->len to cover the fixed header size for the selected type (event 2, ACL 4, SCO 3, ISO 4) before calling hci_recv_frame(); drop ratelimited otherwise. Unknown pkt_type values still take the original kfree_skb() default path.  Use bt_dev_err_ratelimited() because both the length and pkt_type values come from an untrusted backend that can otherwise flood the kernel log.";Linux;Linux;cf2719a21fdb9d4c8e9c834d279163609bef575d, 160fbcf3bfb93c3c086427f9f4c8bc70f217e9be, 160fbcf3bfb93c3c086427f9f4c8bc70f217e9be, 160fbcf3bfb93c3c086427f9f4c8bc70f217e9be, 160fbcf3bfb93c3c086427f9f4c8bc70f217e9be, 160fbcf3bfb93c3c086427f9f4c8bc70f217e9be, 160fbcf3bfb93c3c086427f9f4c8bc70f217e9be, 9b67438e315b925a699f0178f4a48baf3d2d6ef4, 5.15.78, 6.0.8
CERTFR-2026-AVI-0731;Multiples vulnérabilités dans les produits Microsoft (10 juin 2026);Avis;2026-06-10;CVE-2026-45454;6.5;Medium;CWE-22;0.009630000;https://www.cert.ssi.gouv.fr/avis/CERTFR-2026-AVI-0731/;Improper limitation of a pathname to a restricted directory ('path traversal') in Microsoft Office SharePoint allows an authorized attacker to execute code over a network.;Microsoft;Microsoft SharePoint Enterprise Server 2016;16.0.0
CERTFR-2026-AVI-0731;Multiples vulnérabilités dans les produits Microsoft (10 juin 2026);Avis;2026-06-10;CVE-2026-45502;5;Medium;CWE-918;0.004330000;https://www.cert.ssi.gouv.fr/avis/CERTFR-2026-AVI-0731/;Server-side request forgery (ssrf) in Microsoft Exchange Server allows an authorized attacker to disclose information over a network.;Microsoft;Microsoft Exchange Server 2016 Cumulative Update 23;15.01.0.0
CERTFR-2026-AVI-0731;Multiples vulnérabilités dans les produits Microsoft (10 juin 2026);Avis;2026-06-10;CVE-2026-46026;Non disponible;Non disponible;Non disponible;0.001750000;https://www.cert.ssi.gouv.fr/avis/CERTFR-2026-AVI-0731/;In the Linux kernel, the following vulnerability has been resolved:  net: qrtr: ns: Limit the maximum number of lookups  Current code does no bound checking on the number of lookups a client can perform. Though the code restricts the lookups to local clients, there is still a possibility of a malicious local client sending a flood of NEW_LOOKUP messages over the same socket.  Fix this issue by limiting the maximum number of lookups to 64 globally. Since the nameserver allows only atmost one local observer, this global lookup count will ensure that the lookups stay within the limit.  Note that, limit of 64 is chosen based on the current platform requirements. If requirement changes in the future, this limit can be increased.;Linux;Linux;0c2204a4ad710d95d348ea006f14ba926e842ffd, 0c2204a4ad710d95d348ea006f14ba926e842ffd, 0c2204a4ad710d95d348ea006f14ba926e842ffd, 0c2204a4ad710d95d348ea006f14ba926e842ffd, 0c2204a4ad710d95d348ea006f14ba926e842ffd
CERTFR-2026-AVI-0731;Multiples vulnérabilités dans les produits Microsoft (10 juin 2026);Avis;2026-06-10;CVE-2026-46138;8.1;High;Non disponible;0.002800000;https://www.cert.ssi.gouv.fr/avis/CERTFR-2026-AVI-0731/;In the Linux kernel, the following vulnerability has been resolved:  Bluetooth: hci_event: Fix OOB read and infinite loop in hci_le_create_big_complete_evt  hci_le_create_big_complete_evt() iterates over BT_BOUND connections for a BIG handle using a while loop, accessing ev->bis_handle[i++] on each iteration.  However, there is no check that i stays within ev->num_bis before the array access.  When a controller sends a LE_Create_BIG_Complete event with fewer bis_handle entries than there are BT_BOUND connections for that BIG, or with num_bis=0, the loop reads beyond the valid bis_handle[] flex array into adjacent heap memory.  Since the out-of-bounds values typically exceed HCI_CONN_HANDLE_MAX (0x0EFF), hci_conn_set_handle() rejects them and the connection remains in BT_BOUND state.  The same connection is then found again by hci_conn_hash_lookup_big_state(), creating an infinite loop with hci_dev_lock held.  Fix this by terminating the BIG if in case not all BIS could be setup properly.;Linux;Linux;a0bfde167b506423111ddb8cd71930497a40fc54, a0bfde167b506423111ddb8cd71930497a40fc54, a0bfde167b506423111ddb8cd71930497a40fc54, a0bfde167b506423111ddb8cd71930497a40fc54, a0bfde167b506423111ddb8cd71930497a40fc54, b475c1109251e30ec21fb574d72a1c71a4ab0039, 2ccde10127447c1a5caad8469fede945bdb62fdf, 6.4.16, 6.5.3
CERTFR-2026-AVI-0733;Multiples vulnérabilités dans GitLab (11 juin 2026);Avis;2026-06-11;CVE-2026-8589;7.3;High;CWE-79;0.004290000;https://www.cert.ssi.gouv.fr/avis/CERTFR-2026-AVI-0733/;GitLab has remediated an issue in GitLab EE affecting all versions from 13.1.4 before 18.10.8, 18.11 before 18.11.5, and 19.0 before 19.0.2 that under certain conditions could have allowed an authenticated user to add unauthorized email addresses to a targeted user's account due to improper sanitization of user-supplied input in certain group setting fields.;GitLab;GitLab;13.1.4, 18.11, 19.0
CERTFR-2026-AVI-0733;Multiples vulnérabilités dans GitLab (11 juin 2026);Avis;2026-06-11;CVE-2026-6552;8.7;High;CWE-639;0.004690000;https://www.cert.ssi.gouv.fr/avis/CERTFR-2026-AVI-0733/;GitLab has remediated an issue in GitLab EE affecting all versions from 15.5 before 18.10.8, 18.11 before 18.11.5, and 19.0 before 19.0.2 that under certain conditions could have allowed an authenticated user with group Owner role to take over another group member's GitLab account due to improper authorization in the Group SAML identity management functionality.;GitLab;GitLab;15.5, 18.11, 19.0
CERTFR-2026-AVI-0733;Multiples vulnérabilités dans GitLab (11 juin 2026);Avis;2026-06-11;CVE-2026-1500;6.5;Medium;CWE-770;0.005450000;https://www.cert.ssi.gouv.fr/avis/CERTFR-2026-AVI-0733/;GitLab has remediated an issue in GitLab CE/EE affecting all versions from 17.10 before 18.10.8, 18.11 before 18.11.5, and 19.0 before 19.0.2 that under certain conditions could have allowed an authenticated user to cause denial of service due to uncontrolled resource consumption when processing a specially crafted file upload.;GitLab;GitLab;17.10, 18.11, 19.0
CERTFR-2026-AVI-0733;Multiples vulnérabilités dans GitLab (11 juin 2026);Avis;2026-06-11;CVE-2026-3553;3.1;Low;CWE-863;0.003080000;https://www.cert.ssi.gouv.fr/avis/CERTFR-2026-AVI-0733/;GitLab has remediated an issue in GitLab CE/EE affecting all versions from 12.0 before 18.10.8, 18.11 before 18.11.5, and 19.0 before 19.0.2 that under certain conditions could have allowed an authenticated user to access confidential issue details due to incorrect authorization checks.;GitLab;GitLab;12.0, 18.11, 19.0
CERTFR-2026-AVI-0733;Multiples vulnérabilités dans GitLab (11 juin 2026);Avis;2026-06-11;CVE-2026-7250;7.5;High;CWE-770;0.006350000;https://www.cert.ssi.gouv.fr/avis/CERTFR-2026-AVI-0733/;GitLab has remediated an issue in GitLab CE/EE affecting all versions from 12.10 before 18.10.8, 18.11 before 18.11.5, and 19.0 before 19.0.2 that under certain conditions could have allowed an unauthenticated user to cause denial of service due to improper input validation in the API request parsing middleware.;GitLab;GitLab;12.10, 18.11, 19.0
CERTFR-2026-AVI-0734;Multiples vulnérabilités dans les produits Palo Alto Networks (11 juin 2026);Avis;2026-06-11;CVE-2026-9901;7.5;High;CWE-416;0.002650000;https://www.cert.ssi.gouv.fr/avis/CERTFR-2026-AVI-0734/;Use after free in ANGLE in Google Chrome prior to 148.0.7778.216 allowed a remote attacker who had compromised the renderer process to execute arbitrary code via a crafted HTML page. (Chromium security severity: High);Google;Chrome;148.0.7778.216
CERTFR-2026-AVI-0734;Multiples vulnérabilités dans les produits Palo Alto Networks (11 juin 2026);Avis;2026-06-11;CVE-2026-9907;4.3;Medium;CWE-125;0.002010000;https://www.cert.ssi.gouv.fr/avis/CERTFR-2026-AVI-0734/;Out of bounds read in Dawn in Google Chrome on Windows prior to 148.0.7778.216 allowed a remote attacker to leak cross-origin data via a crafted HTML page. (Chromium security severity: High);Google;Chrome;148.0.7778.216
CERTFR-2026-AVI-0734;Multiples vulnérabilités dans les produits Palo Alto Networks (11 juin 2026);Avis;2026-06-11;CVE-2026-8516;5.3;Medium;CWE-20;0.002190000;https://www.cert.ssi.gouv.fr/avis/CERTFR-2026-AVI-0734/;Insufficient validation of untrusted input in DataTransfer in Google Chrome prior to 148.0.7778.168 allowed a remote attacker who convinced a user to engage in specific UI gestures to obtain potentially sensitive information from process memory via a crafted HTML page. (Chromium security severity: Critical);Google;Chrome;148.0.7778.168
CERTFR-2026-AVI-0734;Multiples vulnérabilités dans les produits Palo Alto Networks (11 juin 2026);Avis;2026-06-11;CVE-2026-8518;8.8;High;CWE-416;0.002800000;https://www.cert.ssi.gouv.fr/avis/CERTFR-2026-AVI-0734/;Use after free in Blink in Google Chrome prior to 148.0.7778.168 allowed a remote attacker to execute arbitrary code inside a sandbox via a crafted HTML page. (Chromium security severity: Critical);Google;Chrome;148.0.7778.168
CERTFR-2026-AVI-0734;Multiples vulnérabilités dans les produits Palo Alto Networks (11 juin 2026);Avis;2026-06-11;CVE-2026-9993;8.3;High;CWE-416;0.001640000;https://www.cert.ssi.gouv.fr/avis/CERTFR-2026-AVI-0734/;Use after free in Views in Google Chrome prior to 148.0.7778.216 allowed a remote attacker who had compromised the renderer process to potentially perform a sandbox escape via a crafted PDF file. (Chromium security severity: High);Google;Chrome;148.0.7778.216
